,SAT,GPA
count,84.0,84.0
mean,1845.2738095238096,3.330238095238095
std,104.53066088392798,0.27161709490036023
min,1634.0,2.4
25%,1772.0,3.19
50%,1846.0,3.38
75%,1934.0,3.5025
max,2050.0,3.81
